shift,signOn1,signOff1,signOn2,signOff2,mealLocation,mealStart,mealFinish,mealDuration
T26301H,05:30,15:10,none,none,Tauranga CBD,10:50,11:24,34 minutes
T26302H,09:39,19:27,none,none,Tauranga CBD,14:22,14:59,37 minutes
T26303H,05:34,14:31,none,none,Tauranga CBD,08:44,09:14,30 minutes
T26304H,09:44,19:36,none,none,Tauranga CBD,14:34,15:04,30 minutes
T26305H,05:34,15:25,none,none,Tauranga CBD,10:24,11:08,44 minutes
T26306H,10:08,20:08,none,none,Tauranga CBD,14:21,14:59,38 minutes
T26307H,05:45,15:14,none,none,Tauranga CBD,09:21,09:59,38 minutes
T26308H,10:21,20:21,none,none,Tauranga CBD,15:35,16:19,44 minutes
T26309H,05:46,14:44,none,none,Tauranga CBD,08:47,09:29,42 minutes
T26310H,10:24,20:24,none,none,Tauranga CBD,14:47,15:24,37 minutes
T26311H,05:52,15:50,none,none,Tauranga CBD,09:59,10:39,40 minutes
T26312H,10:51,20:48,none,none,Tauranga CBD,14:59,15:59,60 minutes
T26313H,05:58,15:57,none,none,Tauranga CBD,09:51,10:38,47 minutes
T26314H,10:59,20:55,none,none,Tauranga CBD,15:06,15:38,32 minutes
T26315H,06:00,15:41,none,none,Tauranga CBD,11:20,12:00,40 minutes
T26316H,11:08,21:05,none,none,Tauranga CBD,16:21,16:59,38 minutes
T26317H,06:00,15:59,none,none,Greerton Depot,10:05,10:39,34 minutes
T26318H,11:14,21:02,none,none,Tauranga CBD,16:24,16:59,35 minutes
T26319H,06:17,15:58,none,none,Tauranga CBD,10:24,11:00,36 minutes
T26320H,11:14,21:14,none,none,Tauranga CBD,15:58,16:44,46 minutes
T26321H,06:10,16:00,none,none,Tauranga CBD,11:05,11:59,54 minutes
T26322H,11:19,21:09,none,none,Tauranga CBD,16:36,17:36,60 minutes
T26323H,06:16,16:11,none,none,Tauranga CBD,11:36,12:14,38 minutes
T26324H,11:21,21:18,none,none,Tauranga CBD,15:51,16:29,38 minutes
T26325H,06:38,16:36,none,none,Tauranga CBD,10:44,11:19,35 minutes
T26326H,11:34,21:30,none,none,Tauranga CBD,16:22,17:00,38 minutes
T26327H,06:38,16:38,none,none,Tauranga CBD,11:51,12:24,33 minutes
T26328H,11:38,21:29,none,none,Tauranga CBD,16:58,17:39,41 minutes
T26329H,06:42,16:41,none,none,Tauranga CBD,11:58,12:34,36 minutes
T26330H,11:39,21:35,none,none,Tauranga CBD,16:50,17:29,39 minutes
T26332H,11:59,21:44,none,none,Tauranga CBD,16:35,17:19,44 minutes
T26334H,12:04,21:55,none,none,Tauranga CBD,17:21,18:04,43 minutes
T26336H,12:09,21:48,none,none,Tauranga CBD,16:05,16:43,38 minutes
T26338H,12:34,22:25,none,none,Tauranga CBD,16:59,17:44,45 minutes
T26501H,05:40,10:39,13:54,18:33,none,none,none,none
T26502H,05:42,09:46,13:09,18:06,none,none,none,none
T26503H,05:47,10:24,13:18,18:38,none,none,none,none
T26504H,05:53,11:03,13:39,18:28,none,none,none,none
T26505H,06:01,11:05,13:51,18:41,none,none,none,none
T26506H,06:14,11:33,14:40,19:14,none,none,none,none
T26507H,06:16,11:09,14:04,19:08,none,none,none,none
T26508H,06:30,11:24,14:34,19:26,none,none,none,none
T26509H,06:32,11:51,14:38,19:12,none,none,none,none
T26510H,06:40,11:39,15:09,19:38,none,none,none,none
T26511H,06:44,11:54,14:24,19:10,none,none,none,none
T26512H,06:45,12:03,15:19,19:38,none,none,none,none
T26513H,06:56,12:16,15:38,19:52,none,none,none,none
T26514H,06:57,12:05,14:59,19:50,none,none,none,none
T26515H,06:59,12:10,15:19,19:57,none,none,none,none
T26516H,07:16,12:09,15:04,20:10,none,none,none,none
T26517H,07:33,12:36,15:21,20:18,none,none,none,none
T26518H,07:41,12:52,15:59,20:40,none,none,none,none
T26519H,08:01,12:22,15:24,20:44,none,none,none,none
T26520H,08:51,13:53,16:19,20:54,none,none,none,none
T26521H,08:59,14:13,16:13,20:35,none,none,none,none
T26522H,09:09,14:11,15:59,20:57,none,none,none,none
T28301H,05:29,15:14,none,none,Tauranga CBD,09:38,10:19,41 minutes
T28302H,10:29,20:27,none,none,Tauranga CBD,14:38,15:14,36 minutes
T28303H,05:41,14:57,none,none,Tauranga CBD,09:11,10:04,53 minutes
T28304H,11:29,21:27,none,none,Tauranga CBD,15:24,16:24,60 minutes
T28305H,05:59,15:59,none,none,Tauranga CBD,10:29,10:59,30 minutes
T28306H,11:45,21:10,none,none,Tauranga CBD,15:54,16:24,30 minutes
T28307H,06:14,15:46,none,none,Tauranga CBD,10:41,11:29,48 minutes
T28309H,06:29,16:26,none,none,Tauranga CBD,10:59,11:29,30 minutes
T28311H,06:39,16:36,none,none,Tauranga CBD,11:18,11:49,31 minutes
T28313H,07:09,17:02,none,none,Tauranga CBD,11:38,12:29,51 minutes
T28315H,08:23,18:02,none,none,Tauranga CBD,13:21,13:59,38 minutes
T28501H,05:41,10:38,13:45,17:39,none,none,none,none
T28502H,06:11,11:01,14:11,18:59,none,none,none,none
T28503H,06:41,12:01,14:52,19:06,none,none,none,none
T28504H,06:44,11:41,14:56,19:40,none,none,none,none
T28505H,06:48,11:08,14:45,19:45,none,none,none,none
T28506H,06:59,11:49,14:58,19:57,none,none,none,none
T28507H,07:29,12:09,15:01,20:10,none,none,none,none
T28508H,08:45,13:09,15:59,20:57,none,none,none,none
T26701,05:37,15:37,none,none,Tauranga CBD,09:55,10:34,39 minutes
T26702,09:10,20:25,none,none,Tauranga CBD,14:09,14:59,50 minutes
T26703,05:47,15:51,none,none,Greerton Depot,10:20,11:01,41 minutes
T26704,09:34,20:35,none,none,Greerton Depot,15:01,15:32,31 minutes
T26705,05:53,16:25,none,none,Tauranga CBD,11:01,11:34,33 minutes
T26706,09:53,20:55,none,none,Greerton Depot,15:20,16:01,41 minutes
T26707,05:53,16:34,none,none,Tauranga CBD,10:09,11:04,55 minutes
T26709,05:54,16:41,none,none,Tauranga CBD,10:55,11:34,39 minutes
T26711,06:01,17:20,none,none,Greerton Depot,11:16,12:02,46 minutes
T26713,06:02,17:10,none,none,Tauranga CBD,11:04,12:04,60 minutes
T26715,06:08,17:45,none,none,Tauranga CBD,11:24,12:24,60 minutes
T26717,06:14,17:48,none,none,Tauranga CBD,11:44,12:44,60 minutes
T26719,06:19,17:59,none,none,Greerton Depot,11:46,12:31,45 minutes
T26721,06:35,18:18,none,none,Tauranga CBD,12:01,13:01,60 minutes
T26723,06:46,18:25,none,none,Papamoa Depot,12:05,12:58,53 minutes
T26725,06:52,18:50,none,none,Greerton Depot,12:22,13:22,60 minutes
T26727,07:23,18:45,none,none,Tauranga CBD,12:40,13:36,56 minutes
T26729,07:25,19:24,none,none,Tauranga CBD,12:54,13:54,60 minutes
T26731,07:52,19:36,none,none,Greerton Depot,13:18,14:18,60 minutes
T26733,08:05,19:27,none,none,Tauranga CBD,13:25,13:59,34 minutes
T26735,08:10,19:38,none,none,Tauranga CBD,13:31,14:30,59 minutes
T26737,08:11,19:48,none,none,Tauranga CBD,13:39,14:19,40 minutes
T26739,08:15,20:10,none,none,Greerton Depot,13:42,14:42,60 minutes
T26741,08:22,20:01,none,none,Greerton Depot,13:31,14:31,60 minutes
T26743,08:41,19:55,none,none,Tauranga CBD,13:39,14:33,54 minutes
T26745,08:46,20:18,none,none,Tauranga CBD,13:49,14:49,60 minutes
T26747,09:00,20:57,none,none,Tauranga CBD,14:29,15:29,60 minutes
T26801,05:42,14:21,none,none,Tauranga CBD,10:21,11:03,42 minutes
T26802,11:22,20:20,none,none,Greerton Depot,13:56,14:56,60 minutes
T26803,05:45,13:49,none,none,Tauranga CBD,08:31,09:04,33 minutes
T26804,12:00,20:54,none,none,Tauranga CBD,15:29,16:29,60 minutes
T26805,06:24,14:54,none,none,Tauranga CBD,10:54,11:30,36 minutes
T26806,12:23,20:48,none,none,Tauranga CBD,14:22,15:21,59 minutes
T26807,06:27,15:21,none,none,Tauranga CBD,11:54,12:54,60 minutes
T26808,12:53,21:16,none,none,Tauranga CBD,18:01,18:36,35 minutes
T26810,13:22,21:02,none,none,Tauranga CBD,16:24,16:58,34 minutes
T28701,05:44,16:16,none,none,Tauranga CBD,10:31,11:06,35 minutes
T28702,10:01,20:56,none,none,Tauranga CBD,14:54,15:33,39 minutes
T28703,06:11,17:56,none,none,Tauranga CBD,11:31,12:31,60 minutes
T28704,11:46,21:52,none,none,Tauranga CBD,15:55,16:29,34 minutes
T28705,06:44,18:39,none,none,Greerton Depot,12:14,13:14,60 minutes
T28707,07:11,18:56,none,none,Greerton Depot,12:32,13:32,60 minutes
T28709,07:22,19:21,none,none,Greerton Depot,12:51,13:51,60 minutes
T28711,08:22,19:56,none,none,Tauranga CBD,13:47,14:36,49 minutes
T28713,08:45,20:13,none,none,Greerton Depot,13:50,14:50,60 minutes
T28802,11:44,20:35,none,none,Tauranga CBD,14:19,15:19,60 minutes
T28804,11:49,20:25,none,none,Tauranga CBD,15:59,16:59,60 minutes
T28806,12:22,20:36,none,none,Tauranga CBD,14:40,15:29,49 minutes
T28808,12:46,21:04,none,none,Tauranga CBD,15:25,16:04,39 minutes
T26301T,05:16,14:39,none,none,Tauranga CBD,10:04,10:34,30 minutes
T26302T,10:34,20:33,none,none,Tauranga CBD,14:18,15:07,49 minutes
T26303T,05:30,15:09,none,none,Tauranga CBD,09:54,10:24,30 minutes
T26304T,10:38,20:31,none,none,Tauranga CBD,14:04,15:04,60 minutes
T26305T,05:34,14:24,none,none,Tauranga CBD,08:29,08:59,30 minutes
T26306T,10:44,20:40,none,none,Tauranga CBD,14:36,15:11,35 minutes
T26307T,05:40,15:11,none,none,Tauranga CBD,10:51,11:24,33 minutes
T26308T,10:44,20:44,none,none,Tauranga CBD,14:54,15:34,40 minutes
T26309T,05:41,15:01,none,none,Tauranga CBD,10:56,11:41,45 minutes
T26310T,10:51,19:50,none,none,Tauranga CBD,13:53,14:24,31 minutes
T26311T,05:45,14:56,none,none,Greerton Depot,09:09,09:56,47 minutes
T26312T,10:54,20:54,none,none,Tauranga CBD,15:39,16:26,47 minutes
T26313T,05:48,14:25,none,none,Tauranga CBD,11:18,11:49,31 minutes
T26314T,10:59,20:48,none,none,Tauranga CBD,14:58,15:38,40 minutes
T26315T,05:53,15:39,none,none,Tauranga CBD,09:38,10:14,36 minutes
T26316T,10:59,20:54,none,none,Tauranga CBD,16:08,16:39,31 minutes
T26317T,06:01,14:31,none,none,Tauranga CBD,11:29,11:59,30 minutes
T26318T,10:59,20:55,none,none,Tauranga CBD,16:18,16:49,31 minutes
T26319T,06:32,16:29,none,none,Tauranga CBD,11:38,12:14,36 minutes
T26320T,11:08,20:54,none,none,Tauranga CBD,14:38,15:24,46 minutes
T26321T,06:38,16:38,none,none,Tauranga CBD,11:09,11:49,40 minutes
T26322T,11:09,21:09,none,none,Tauranga CBD,16:07,16:38,31 minutes
T26323T,06:44,16:36,none,none,Tauranga CBD,11:52,12:24,32 minutes
T26324T,11:21,21:14,none,none,Greerton Depot,15:54,16:45,51 minutes
T26325T,06:59,16:44,none,none,Tauranga CBD,12:29,13:26,57 minutes
T26326T,11:24,21:18,none,none,Tauranga CBD,16:51,17:24,33 minutes
T26327T,06:59,16:57,none,none,Tauranga CBD,12:23,13:19,56 minutes
T26328T,11:34,21:26,none,none,Tauranga CBD,15:59,16:34,35 minutes
T26329T,07:01,17:01,none,none,Tauranga CBD,12:18,12:59,41 minutes
T26330T,11:38,21:20,none,none,Tauranga CBD,17:04,17:49,45 minutes
T26331T,07:20,16:59,none,none,Tauranga CBD,11:54,12:24,30 minutes
T26332T,11:51,21:48,none,none,Tauranga CBD,16:09,16:39,30 minutes
T26334T,11:59,21:44,none,none,Tauranga CBD,15:52,16:24,32 minutes
T26336T,12:08,21:55,none,none,Tauranga CBD,16:31,17:08,37 minutes
T26338T,12:21,21:04,none,none,Tauranga CBD,17:48,18:19,31 minutes
T26340T,12:38,21:55,none,none,Tauranga CBD,17:49,18:19,30 minutes
T26501T,05:42,10:34,13:51,18:42,none,none,none,none
T26502T,05:38,10:24,13:34,18:43,none,none,none,none
T26503T,05:47,10:03,13:15,18:41,none,none,none,none
T26504T,05:58,10:39,13:47,18:53,none,none,none,none
T26505T,06:00,09:51,13:40,18:59,none,none,none,none
T26506T,06:00,11:21,14:27,18:59,none,none,none,none
T26507T,06:10,11:14,14:19,19:08,none,none,none,none
T26508T,06:14,11:05,14:21,19:10,none,none,none,none
T26509T,06:16,11:34,14:09,18:38,none,none,none,none
T26510T,06:20,11:19,14:10,19:06,none,none,none,none
T26511T,06:21,11:39,14:38,19:19,none,none,none,none
T26512T,06:29,11:05,13:59,19:20,none,none,none,none
T26513T,06:30,11:56,14:59,19:25,none,none,none,none
T26514T,06:38,10:51,14:21,19:35,none,none,none,none
T26515T,06:40,11:35,14:24,19:24,none,none,none,none
T26516T,06:45,12:09,15:06,19:38,none,none,none,none
T26517T,06:46,12:05,15:04,19:31,none,none,none,none
T26518T,06:55,11:54,14:44,19:44,none,none,none,none
T26519T,06:56,11:24,14:38,19:54,none,none,none,none
T26520T,07:02,12:25,15:34,20:01,none,none,none,none
T26521T,07:07,12:15,15:14,20:01,none,none,none,none
T26522T,07:08,11:09,14:44,20:08,none,none,none,none
T26523T,07:09,11:51,14:51,20:09,none,none,none,none
T26524T,07:16,11:36,14:44,20:10,none,none,none,none
T26525T,07:17,12:21,14:38,19:34,none,none,none,none
T26526T,07:29,12:51,15:54,20:24,none,none,none,none
T26527T,05:46,09:03,none,none,none,none,none,none
T26528T,06:56,08:57,none,none,none,none,none,none
T28301T,05:29,14:44,none,none,Tauranga CBD,09:04,09:41,37 minutes
T28302T,11:29,21:10,none,none,Tauranga CBD,15:53,16:24,31 minutes
T28303T,06:05,15:57,none,none,Tauranga CBD,10:24,10:59,35 minutes
T28304T,12:22,22:04,none,none,Tauranga CBD,17:34,18:04,30 minutes
T28305T,06:11,15:48,none,none,Tauranga CBD,09:59,10:34,35 minutes
T28307T,06:14,16:13,none,none,Tauranga CBD,10:34,11:06,32 minutes
T28309T,06:29,16:16,none,none,Tauranga CBD,10:21,10:54,33 minutes
T28311T,06:39,16:19,none,none,Tauranga CBD,12:04,12:34,30 minutes
T28313T,06:41,16:26,none,none,Tauranga CBD,10:54,11:29,35 minutes
T28315T,06:44,16:42,none,none,Tauranga CBD,10:39,11:19,40 minutes
T28317T,06:59,16:36,none,none,Tauranga CBD,10:59,11:34,35 minutes
T28319T,07:04,17:02,none,none,Tauranga CBD,11:36,12:06,30 minutes
T28321T,07:09,16:19,none,none,Greerton Depot,12:39,13:39,60 minutes
T28323T,07:01,17:14,none,none,Tauranga CBD,11:56,12:39,43 minutes
T28325T,07:28,17:06,none,none,Tauranga CBD,11:24,11:54,30 minutes
T28327T,07:29,17:29,none,none,Tauranga CBD,12:22,13:19,57 minutes
T28400T,07:25,08:53,14:05,15:59,none,none,none,none
T28401T,07:29,08:53,14:05,15:53,none,none,none,none
T28402T,07:32,08:43,14:20,16:08,none,none,none,none
T28403T,07:32,08:43,14:20,16:08,none,none,none,none
T28404T,07:32,08:43,14:20,16:08,none,none,none,none
T28405T,07:37,08:48,14:05,15:53,none,none,none,none
T28501T,07:16,12:01,14:56,20:10,none,none,none,none
T28602T,16:07,20:57,none,none,none,none,none,none
T27301T,06:24,08:37,14:28,16:56,none,none,none,none
T27303T,06:55,08:37,14:28,16:45,none,none,none,none
T27305T,06:59,08:46,14:23,16:11,none,none,none,none
T27307T,07:04,08:37,14:28,16:51,none,none,none,none
T27309T,07:04,08:37,14:28,16:51,none,none,none,none
T27311T,07:07,09:42,13:34,16:44,none,none,none,none
T27313T,07:09,08:40,14:29,16:26,none,none,none,none
T27315T,07:10,08:37,14:28,16:25,none,none,none,none
T27317T,07:11,08:40,14:29,16:19,none,none,none,none
T27319T,07:11,08:40,14:29,16:19,none,none,none,none
T27321T,07:11,08:53,14:47,16:38,none,none,none,none
T27323T,07:14,08:42,14:22,16:27,none,none,none,none
T27325T,07:15,08:36,14:34,16:10,none,none,none,none
T27327T,07:17,08:37,13:06,16:19,none,none,none,none
T27329T,07:18,08:40,14:29,16:29,none,none,none,none
T27331T,07:20,08:44,14:44,16:33,none,none,none,none
T27333T,07:20,08:44,14:44,16:33,none,none,none,none
T27335T,07:18,08:47,14:25,16:50,none,none,none,none
T27337T,07:22,08:37,14:28,16:15,none,none,none,none
T27339T,07:23,09:01,14:25,16:14,none,none,none,none
T27341T,07:24,08:36,14:34,16:14,none,none,none,none
T27343T,07:25,08:45,14:39,16:16,none,none,none,none
T27345T,07:25,08:57,14:57,16:33,none,none,none,none
T27347T,07:25,08:57,14:57,16:33,none,none,none,none
T27349T,07:28,08:59,14:59,16:31,none,none,none,none
T27351T,07:29,08:49,14:49,16:31,none,none,none,none
T27353T,07:30,08:58,14:43,16:43,none,none,none,none
T27355T,07:31,09:20,14:17,16:41,none,none,none,none
T27357T,07:34,08:40,13:41,16:16,none,none,none,none
T27359T,07:39,08:45,14:29,16:10,none,none,none,none
T27361T,07:39,08:46,14:38,16:20,none,none,none,none
T27363T,06:56,08:51,14:21,16:41,none,none,none,none
T27365T,12:10,16:10,none,none,none,none,none,none
T27367T,12:38,16:38,none,none,none,none,none,none